step,x1,x2,y,f1,f2,Ax,Ay,Bx,By,C,time
0, -0.167222, 0.167223, 0.207523, 2.032669, 2.032679, -0.353000, 0.300000, 0.353000, 0.300000, 1.178097, 7.549000
1, -0.167222, 0.167223, 0.207523, 2.032669, 2.032679, -0.353000, 0.300000, 0.353000, 0.300000, 1.178097, 0.086000
2, -0.167778, 0.167779, 0.207076, 2.034364, 2.034375, -0.353000, 0.300000, 0.353000, 0.300000, 1.178097, 3.136000
3, -0.168894, 0.168892, 0.206183, 2.037788, 2.037776, -0.353000, 0.300000, 0.353000, 0.300000, 1.178097, 3.688000
4, -0.170552, 0.170551, 0.204856, 2.042894, 2.042884, -0.353000, 0.300000, 0.353000, 0.300000, 1.178097, 3.799000
5, -0.172738, 0.172739, 0.203110, 2.049675, 2.049687, -0.353000, 0.300000, 0.353000, 0.300000, 1.178097, 3.947000
6, -0.175444, 0.175445, 0.200956, 2.058181, 2.058192, -0.353000, 0.300000, 0.353000, 0.300000, 1.178097, 4.098000
7, -0.178642, 0.178643, 0.198419, 2.068378, 2.068390, -0.353000, 0.300000, 0.353000, 0.300000, 1.178097, 4.090000
8, -0.182304, 0.182306, 0.195526, 2.080252, 2.080264, -0.353000, 0.300000, 0.353000, 0.300000, 1.178097, 4.169000
9, -0.186399, 0.186400, 0.192307, 2.093781, 2.093793, -0.353000, 0.300000, 0.353000, 0.300000, 1.178097, 4.231000
10, -0.190889, 0.190891, 0.188795, 2.108941, 2.108954, -0.353000, 0.300000, 0.353000, 0.300000, 1.178097, 4.382000
11, -0.195737, 0.195739, 0.185026, 2.125701, 2.125715, -0.353000, 0.300000, 0.353000, 0.300000, 1.178097, 4.464000
12, -0.200900, 0.200901, 0.181038, 2.144017, 2.144029, -0.353000, 0.300000, 0.353000, 0.300000, 1.178097, 4.523000
13, -0.206338, 0.206337, 0.176865, 2.163867, 2.163854, -0.353000, 0.300000, 0.353000, 0.300000, 1.178097, 4.198000
14, -0.211999, 0.211997, 0.172552, 2.185146, 2.185132, -0.353000, 0.300000, 0.353000, 0.300000, 1.178097, 4.283000
15, -0.217842, 0.217840, 0.168134, 2.207817, 2.207802, -0.353000, 0.300000, 0.353000, 0.300000, 1.178097, 4.438000
16, -0.223820, 0.223819, 0.163648, 2.231803, 2.231788, -0.353000, 0.300000, 0.353000, 0.300000, 1.178097, 4.374000
17, -0.229892, 0.229891, 0.159128, 2.257029, 2.257017, -0.353000, 0.300000, 0.353000, 0.300000, 1.178097, 4.419000
18, -0.236009, 0.236011, 0.154612, 2.283377, 2.283393, -0.353000, 0.300000, 0.353000, 0.300000, 1.178097, 4.268000
19, -0.242136, 0.242138, 0.150126, 2.310793, 2.310811, -0.353000, 0.300000, 0.353000, 0.300000, 1.178097, 4.346000
20, -0.248232, 0.248233, 0.145702, 2.339138, 2.339154, -0.353000, 0.300000, 0.353000, 0.300000, 1.178097, 4.381000
21, -0.254255, 0.254256, 0.141366, 2.368279, 2.368289, -0.353000, 0.300000, 0.353000, 0.300000, 1.178097, 4.229000
22, -0.260175, 0.260172, 0.137141, 2.398100, 2.398079, -0.353000, 0.300000, 0.353000, 0.300000, 1.178097, 4.046000
23, -0.265952, 0.265950, 0.133050, 2.428402, 2.428381, -0.353000, 0.300000, 0.353000, 0.300000, 1.178097, 3.833000
24, -0.271563, 0.271562, 0.129109, 2.459062, 2.459048, -0.353000, 0.300000, 0.353000, 0.300000, 1.178097, 4.176000
25, -0.276979, 0.276982, 0.125333, 2.489884, 2.489909, -0.353000, 0.300000, 0.353000, 0.300000, 1.178097, 3.942000
26, -0.282186, 0.282188, 0.121734, 2.520754, 2.520781, -0.353000, 0.300000, 0.353000, 0.300000, 1.178097, 4.054000
27, -0.287156, 0.287158, 0.118322, 2.551444, 2.551462, -0.353000, 0.300000, 0.353000, 0.300000, 1.178097, 3.943000
28, -0.291875, 0.291875, 0.115105, 2.581763, 2.581770, -0.353000, 0.300000, 0.353000, 0.300000, 1.178097, 4.125000
29, -0.296329, 0.296326, 0.112089, 2.611529, 2.611494, -0.353000, 0.300000, 0.353000, 0.300000, 1.178097, 3.963000
30, -0.300503, 0.300500, 0.109278, 2.640483, 2.640459, -0.353000, 0.300000, 0.353000, 0.300000, 1.178097, 4.015000
31, -0.304391, 0.304390, 0.106675, 2.668467, 2.668456, -0.353000, 0.300000, 0.353000, 0.300000, 1.178097, 4.047000
32, -0.307988, 0.307988, 0.104279, 2.695271, 2.695273, -0.353000, 0.300000, 0.353000, 0.300000, 1.178097, 4.149000
33, -0.311287, 0.311291, 0.102091, 2.720690, 2.720731, -0.353000, 0.300000, 0.353000, 0.300000, 1.178097, 3.653000
34, -0.314289, 0.314291, 0.100110, 2.744558, 2.744580, -0.353000, 0.300000, 0.353000, 0.300000, 1.178097, 3.911000
35, -0.316989, 0.316989, 0.098335, 2.766657, 2.766664, -0.353000, 0.300000, 0.353000, 0.300000, 1.178097, 3.863000
36, -0.319385, 0.319384, 0.096765, 2.786808, 2.786801, -0.353000, 0.300000, 0.353000, 0.300000, 1.178097, 3.920000
37, -0.321480, 0.321475, 0.095396, 2.804859, 2.804795, -0.353000, 0.300000, 0.353000, 0.300000, 1.178097, 2.973000
38, -0.323270, 0.323267, 0.094229, 2.820598, 2.820563, -0.353000, 0.300000, 0.353000, 0.300000, 1.178097, 3.174000
39, -0.324759, 0.324757, 0.093259, 2.833937, 2.833921, -0.353000, 0.300000, 0.353000, 0.300000, 1.178097, 3.205000
40, -0.325947, 0.325947, 0.092486, 2.844752, 2.844749, -0.353000, 0.300000, 0.353000, 0.300000, 1.178097, 3.558000
41, -0.326837, 0.326838, 0.091909, 2.852941, 2.852949, -0.353000, 0.300000, 0.353000, 0.300000, 1.178097, 3.171000
42, -0.327428, 0.327429, 0.091525, 2.858423, 2.858442, -0.353000, 0.300000, 0.353000, 0.300000, 1.178097, 3.085000
43, -0.327718, 0.327724, 0.091336, 2.861126, 2.861201, -0.353000, 0.300000, 0.353000, 0.300000, 1.178097, 2.262000
44, -0.327712, 0.327714, 0.091341, 2.861076, 2.861094, -0.353000, 0.300000, 0.353000, 0.300000, 1.178097, 1.439000
45, -0.327410, 0.327403, 0.091540, 2.858265, 2.858187, -0.353000, 0.300000, 0.353000, 0.300000, 1.178097, 2.353000
46, -0.326795, 0.326794, 0.091937, 2.852552, 2.852539, -0.353000, 0.300000, 0.353000, 0.300000, 1.178097, 3.080000
47, -0.325878, 0.325878, 0.092532, 2.844112, 2.844112, -0.353000, 0.300000, 0.353000, 0.300000, 1.178097, 3.060000
48, -0.324652, 0.324654, 0.093328, 2.832973, 2.832989, -0.353000, 0.300000, 0.353000, 0.300000, 1.178097, 3.189000
49, -0.323115, 0.323118, 0.094328, 2.819216, 2.819253, -0.353000, 0.300000, 0.353000, 0.300000, 1.178097, 3.195000
50, -0.321261, 0.321267, 0.095536, 2.802939, 2.803001, -0.353000, 0.300000, 0.353000, 0.300000, 1.178097, 3.207000
51, -0.319094, 0.319095, 0.096954, 2.784333, 2.784337, -0.353000, 0.300000, 0.353000, 0.300000, 1.178097, 3.710000
52, -0.316602, 0.316601, 0.098589, 2.763460, 2.763449, -0.353000, 0.300000, 0.353000, 0.300000, 1.178097, 3.705000
53, -0.313784, 0.313782, 0.100444, 2.740502, 2.740474, -0.353000, 0.300000, 0.353000, 0.300000, 1.178097, 3.688000
54, -0.310639, 0.310634, 0.102523, 2.715638, 2.715591, -0.353000, 0.300000, 0.353000, 0.300000, 1.178097, 3.608000
55, -0.307157, 0.307157, 0.104832, 2.688995, 2.688999, -0.353000, 0.300000, 0.353000, 0.300000, 1.178097, 3.897000
56, -0.303345, 0.303347, 0.107373, 2.660834, 2.660851, -0.353000, 0.300000, 0.353000, 0.300000, 1.178097, 3.669000
57, -0.299202, 0.299205, 0.110151, 2.631335, 2.631367, -0.353000, 0.300000, 0.353000, 0.300000, 1.178097, 3.764000
58, -0.294730, 0.294734, 0.113167, 2.600703, 2.600736, -0.353000, 0.300000, 0.353000, 0.300000, 1.178097, 3.711000
59, -0.289941, 0.289939, 0.116421, 2.569198, 2.569183, -0.353000, 0.300000, 0.353000, 0.300000, 1.178097, 3.996000
60, -0.284832, 0.284830, 0.119915, 2.536953, 2.536927, -0.353000, 0.300000, 0.353000, 0.300000, 1.178097, 4.003000
61, -0.279419, 0.279416, 0.123646, 2.504204, 2.504177, -0.353000, 0.300000, 0.353000, 0.300000, 1.178097, 4.089000
62, -0.273707, 0.273708, 0.127611, 2.471109, 2.471123, -0.353000, 0.300000, 0.353000, 0.300000, 1.178097, 4.243000
63, -0.267723, 0.267725, 0.131802, 2.437932, 2.437954, -0.353000, 0.300000, 0.353000, 0.300000, 1.178097, 3.951000
64, -0.261482, 0.261485, 0.136210, 2.404839, 2.404860, -0.353000, 0.300000, 0.353000, 0.300000, 1.178097, 4.115000
65, -0.255016, 0.255015, 0.140820, 2.372053, 2.372040, -0.353000, 0.300000, 0.353000, 0.300000, 1.178097, 4.236000
66, -0.248346, 0.248344, 0.145619, 2.339691, 2.339671, -0.353000, 0.300000, 0.353000, 0.300000, 1.178097, 4.201000
67, -0.241507, 0.241505, 0.150587, 2.307939, 2.307921, -0.353000, 0.300000, 0.353000, 0.300000, 1.178097, 4.244000
68, -0.234530, 0.234531, 0.155701, 2.276917, 2.276930, -0.353000, 0.300000, 0.353000, 0.300000, 1.178097, 4.443000
69, -0.227463, 0.227465, 0.160932, 2.246819, 2.246836, -0.353000, 0.300000, 0.353000, 0.300000, 1.178097, 4.530000
70, -0.220349, 0.220350, 0.166247, 2.217764, 2.217778, -0.353000, 0.300000, 0.353000, 0.300000, 1.178097, 4.266000
71, -0.213240, 0.213239, 0.171611, 2.189896, 2.189884, -0.353000, 0.300000, 0.353000, 0.300000, 1.178097, 4.550000
72, -0.206181, 0.206180, 0.176985, 2.163284, 2.163270, -0.353000, 0.300000, 0.353000, 0.300000, 1.178097, 4.515000
73, -0.199229, 0.199227, 0.182327, 2.138043, 2.138031, -0.353000, 0.300000, 0.353000, 0.300000, 1.178097, 4.564000
74, -0.192439, 0.192438, 0.187589, 2.114265, 2.114254, -0.353000, 0.300000, 0.353000, 0.300000, 1.178097, 4.661000
75, -0.185866, 0.185867, 0.192725, 2.092006, 2.092019, -0.353000, 0.300000, 0.353000, 0.300000, 1.178097, 4.731000
76, -0.179576, 0.179577, 0.197680, 2.071387, 2.071398, -0.353000, 0.300000, 0.353000, 0.300000, 1.178097, 4.738000
77, -0.173626, 0.173628, 0.202402, 2.052456, 2.052467, -0.353000, 0.300000, 0.353000, 0.300000, 1.178097, 4.731000
78, -0.168074, 0.168076, 0.206839, 2.035269, 2.035279, -0.353000, 0.300000, 0.353000, 0.300000, 1.178097, 4.771000
79, -0.162977, 0.162978, 0.210938, 2.019877, 2.019886, -0.353000, 0.300000, 0.353000, 0.300000, 1.178097, 4.667000
80, -0.158388, 0.158389, 0.214650, 2.006325, 2.006334, -0.353000, 0.300000, 0.353000, 0.300000, 1.178097, 4.653000
81, -0.154358, 0.154359, 0.217927, 1.994654, 1.994663, -0.353000, 0.300000, 0.353000, 0.300000, 1.178097, 4.521000
82, -0.150932, 0.150933, 0.220724, 1.984898, 1.984907, -0.353000, 0.300000, 0.353000, 0.300000, 1.178097, 4.574000
83, -0.148153, 0.148154, 0.223001, 1.977089, 1.977099, -0.353000, 0.300000, 0.353000, 0.300000, 1.178097, 4.636000
84, -0.146053, 0.146054, 0.224727, 1.971254, 1.971264, -0.353000, 0.300000, 0.353000, 0.300000, 1.178097, 4.471000
85, -0.144667, 0.144666, 0.225869, 1.967441, 1.967432, -0.353000, 0.300000, 0.353000, 0.300000, 1.178097, 3.896000
86, -0.143996, 0.143997, 0.226421, 1.965587, 1.965597, -0.353000, 0.300000, 0.353000, 0.300000, 1.178097, 3.358000
87, -0.144073, 0.144074, 0.226358, 1.965799, 1.965810, -0.353000, 0.300000, 0.353000, 0.300000, 1.178097, 2.261000
88, -0.144900, 0.144899, 0.225677, 1.968081, 1.968073, -0.353000, 0.300000, 0.353000, 0.300000, 1.178097, 3.346000
89, -0.146454, 0.146455, 0.224397, 1.972364, 1.972373, -0.353000, 0.300000, 0.353000, 0.300000, 1.178097, 3.952000
90, -0.148751, 0.148750, 0.222512, 1.978772, 1.978762, -0.353000, 0.300000, 0.353000, 0.300000, 1.178097, 4.241000
91, -0.151750, 0.151749, 0.220056, 1.987225, 1.987215, -0.353000, 0.300000, 0.353000, 0.300000, 1.178097, 4.646000
92, -0.155429, 0.155428, 0.217055, 1.997748, 1.997739, -0.353000, 0.300000, 0.353000, 0.300000, 1.178097, 4.428000
93, -0.159753, 0.159752, 0.213545, 2.010339, 2.010329, -0.353000, 0.300000, 0.353000, 0.300000, 1.178097, 4.246000
94, -0.164680, 0.164679, 0.209567, 2.024990, 2.024980, -0.353000, 0.300000, 0.353000, 0.300000, 1.178097, 4.380000
95, -0.170161, 0.170160, 0.205168, 2.041688, 2.041677, -0.353000, 0.300000, 0.353000, 0.300000, 1.178097, 4.635000
96, -0.176145, 0.176143, 0.200400, 2.060413, 2.060402, -0.353000, 0.300000, 0.353000, 0.300000, 1.178097, 4.441000
97, -0.182572, 0.182571, 0.195315, 2.081138, 2.081124, -0.353000, 0.300000, 0.353000, 0.300000, 1.178097, 4.859000
98, -0.189381, 0.189382, 0.189972, 2.103810, 2.103822, -0.353000, 0.300000, 0.353000, 0.300000, 1.178097, 4.445000
99, -0.196518, 0.196519, 0.184421, 2.128438, 2.128450, -0.353000, 0.300000, 0.353000, 0.300000, 1.178097, 4.335000
100, -0.203914, 0.203916, 0.178721, 2.154940, 2.154954, -0.353000, 0.300000, 0.353000, 0.300000, 1.178097, 4.220000
101, -0.211507, 0.211508, 0.172926, 2.183259, 2.183271, -0.353000, 0.300000, 0.353000, 0.300000, 1.178097, 4.384000
102, -0.219234, 0.219233, 0.167086, 2.213332, 2.213317, -0.353000, 0.300000, 0.353000, 0.300000, 1.178097, 4.239000
103, -0.227029, 0.227028, 0.161255, 2.245025, 2.245009, -0.353000, 0.300000, 0.353000, 0.300000, 1.178097, 4.282000
104, -0.234837, 0.234836, 0.155474, 2.278263, 2.278251, -0.353000, 0.300000, 0.353000, 0.300000, 1.178097, 4.441000
105, -0.242601, 0.242603, 0.149787, 2.312916, 2.312933, -0.353000, 0.300000, 0.353000, 0.300000, 1.178097, 4.450000
106, -0.250276, 0.250278, 0.144225, 2.348900, 2.348918, -0.353000, 0.300000, 0.353000, 0.300000, 1.178097, 4.289000
107, -0.257809, 0.257810, 0.138824, 2.386032, 2.386043, -0.353000, 0.300000, 0.353000, 0.300000, 1.178097, 4.307000
108, -0.265158, 0.265155, 0.133610, 2.424164, 2.424141, -0.353000, 0.300000, 0.353000, 0.300000, 1.178097, 4.116000
109, -0.272279, 0.272277, 0.128608, 2.463064, 2.463047, -0.353000, 0.300000, 0.353000, 0.300000, 1.178097, 4.200000
110, -0.279140, 0.279143, 0.123836, 2.502545, 2.502571, -0.353000, 0.300000, 0.353000, 0.300000, 1.178097, 4.013000
111, -0.285722, 0.285725, 0.119304, 2.542462, 2.542488, -0.353000, 0.300000, 0.353000, 0.300000, 1.178097, 4.193000
112, -0.291993, 0.291994, 0.115025, 2.582537, 2.582550, -0.353000, 0.300000, 0.353000, 0.300000, 1.178097, 4.287000
113, -0.297936, 0.297932, 0.111005, 2.622548, 2.622512, -0.353000, 0.300000, 0.353000, 0.300000, 1.178097, 4.041000
114, -0.303528, 0.303526, 0.107252, 2.662167, 2.662146, -0.353000, 0.300000, 0.353000, 0.300000, 1.178097, 3.856000
115, -0.308765, 0.308765, 0.103763, 2.701186, 2.701184, -0.353000, 0.300000, 0.353000, 0.300000, 1.178097, 3.980000
116, -0.313639, 0.313642, 0.100538, 2.739323, 2.739363, -0.353000, 0.300000, 0.353000, 0.300000, 1.178097, 3.654000
117, -0.318148, 0.318148, 0.097575, 2.776337, 2.776348, -0.353000, 0.300000, 0.353000, 0.300000, 1.178097, 3.829000
118, -0.322287, 0.322285, 0.094869, 2.811910, 2.811894, -0.353000, 0.300000, 0.353000, 0.300000, 1.178097, 3.834000
119, -0.326055, 0.326053, 0.092417, 2.845741, 2.845715, -0.353000, 0.300000, 0.353000, 0.300000, 1.178097, 3.534000
120, -0.329457, 0.329458, 0.090212, 2.877562, 2.877574, -0.353000, 0.300000, 0.353000, 0.300000, 1.178097, 3.890000
121, -0.332499, 0.332504, 0.088247, 2.907131, 2.907195, -0.353000, 0.300000, 0.353000, 0.300000, 1.178097, 3.262000
122, -0.335191, 0.335188, 0.086516, 2.934262, 2.934232, -0.353000, 0.300000, 0.353000, 0.300000, 1.178097, 3.970000
123, -0.337530, 0.337525, 0.085015, 2.958603, 2.958545, -0.353000, 0.300000, 0.353000, 0.300000, 1.178097, 4.929000
124, -0.339525, 0.339518, 0.083736, 2.979969, 2.979890, -0.353000, 0.300000, 0.353000, 0.300000, 1.178097, 5.704000
125, -0.341183, 0.341175, 0.082675, 2.998168, 2.998067, -0.353000, 0.300000, 0.353000, 0.300000, 1.178097, 6.327000
126, -0.342509, 0.342499, 0.081828, 3.013028, 3.012905, -0.353000, 0.300000, 0.353000, 0.300000, 1.178097, 7.209000
127, -0.343507, 0.343495, 0.081191, 3.024401, 3.024258, -0.353000, 0.300000, 0.353000, 0.300000, 1.178097, 7.305000
128, -0.344181, 0.344168, 0.080761, 3.032174, 3.032015, -0.353000, 0.300000, 0.353000, 0.300000, 1.178097, 7.006000
129, -0.344533, 0.344519, 0.080537, 3.036261, 3.036093, -0.353000, 0.300000, 0.353000, 0.300000, 1.178097, 6.546000
130, -0.344563, 0.344549, 0.080518, 3.036612, 3.036443, -0.353000, 0.300000, 0.353000, 0.300000, 1.178097, 3.318000
131, -0.344255, 0.344268, 0.080705, 3.033022, 3.033184, -0.353000, 0.300000, 0.353000, 0.300000, 1.178097, 6.529000
132, -0.343639, 0.343651, 0.081099, 3.025904, 3.026050, -0.353000, 0.300000, 0.353000, 0.300000, 1.178097, 7.109000
133, -0.342693, 0.342704, 0.081703, 3.015110, 3.015237, -0.353000, 0.300000, 0.353000, 0.300000, 1.178097, 6.703000
134, -0.341414, 0.341423, 0.082522, 3.000726, 3.000831, -0.353000, 0.300000, 0.353000, 0.300000, 1.178097, 6.362000
135, -0.339792, 0.339799, 0.083560, 2.982868, 2.982950, -0.353000, 0.300000, 0.353000, 0.300000, 1.178097, 5.554000
136, -0.337821, 0.337827, 0.084824, 2.961682, 2.961742, -0.353000, 0.300000, 0.353000, 0.300000, 1.178097, 5.079000
137, -0.335492, 0.335494, 0.086321, 2.937347, 2.937378, -0.353000, 0.300000, 0.353000, 0.300000, 1.178097, 4.201000
138, -0.332798, 0.332790, 0.088057, 2.910119, 2.910022, -0.353000, 0.300000, 0.353000, 0.300000, 1.178097, 3.099000
139, -0.329717, 0.329716, 0.090045, 2.880044, 2.880036, -0.353000, 0.300000, 0.353000, 0.300000, 1.178097, 4.113000
140, -0.326247, 0.326250, 0.092292, 2.847491, 2.847529, -0.353000, 0.300000, 0.353000, 0.300000, 1.178097, 3.786000
141, -0.322381, 0.322382, 0.094806, 2.812739, 2.812749, -0.353000, 0.300000, 0.353000, 0.300000, 1.178097, 4.210000
142, -0.318111, 0.318110, 0.097599, 2.776038, 2.776020, -0.353000, 0.300000, 0.353000, 0.300000, 1.178097, 4.200000
143, -0.313430, 0.313425, 0.100679, 2.737662, 2.737612, -0.353000, 0.300000, 0.353000, 0.300000, 1.178097, 4.000000
144, -0.308324, 0.308325, 0.104056, 2.697822, 2.697832, -0.353000, 0.300000, 0.353000, 0.300000, 1.178097, 4.418000
145, -0.302800, 0.302802, 0.107738, 2.656883, 2.656914, -0.353000, 0.300000, 0.353000, 0.300000, 1.178097, 4.260000
146, -0.296859, 0.296858, 0.111730, 2.615138, 2.615133, -0.353000, 0.300000, 0.353000, 0.300000, 1.178097, 4.462000
147, -0.290504, 0.290502, 0.116038, 2.572837, 2.572816, -0.353000, 0.300000, 0.353000, 0.300000, 1.178097, 3.956000
148, -0.283744, 0.283741, 0.120663, 2.530255, 2.530226, -0.353000, 0.300000, 0.353000, 0.300000, 1.178097, 4.253000
149, -0.276586, 0.276587, 0.125608, 2.487602, 2.487617, -0.353000, 0.300000, 0.353000, 0.300000, 1.178097, 4.241000
150, -0.269055, 0.269058, 0.130865, 2.445193, 2.445217, -0.353000, 0.300000, 0.353000, 0.300000, 1.178097, 4.226000
151, -0.261180, 0.261179, 0.136426, 2.403281, 2.403270, -0.353000, 0.300000, 0.353000, 0.300000, 1.178097, 4.402000
152, -0.252983, 0.252981, 0.142278, 2.362037, 2.362017, -0.353000, 0.300000, 0.353000, 0.300000, 1.178097, 4.441000
153, -0.244504, 0.244502, 0.148404, 2.321682, 2.321664, -0.353000, 0.300000, 0.353000, 0.300000, 1.178097, 4.408000
154, -0.235777, 0.235779, 0.154783, 2.282363, 2.282379, -0.353000, 0.300000, 0.353000, 0.300000, 1.178097, 4.624000
155, -0.226861, 0.226862, 0.161379, 2.244313, 2.244328, -0.353000, 0.300000, 0.353000, 0.300000, 1.178097, 4.709000
156, -0.217812, 0.217811, 0.168156, 2.207698, 2.207685, -0.353000, 0.300000, 0.353000, 0.300000, 1.178097, 4.992000
157, -0.208686, 0.208685, 0.175072, 2.172612, 2.172598, -0.353000, 0.300000, 0.353000, 0.300000, 1.178097, 4.993000
158, -0.199550, 0.199549, 0.182079, 2.139190, 2.139178, -0.353000, 0.300000, 0.353000, 0.300000, 1.178097, 4.918000
159, -0.190470, 0.190471, 0.189122, 2.107511, 2.107524, -0.353000, 0.300000, 0.353000, 0.300000, 1.178097, 5.239000
160, -0.181534, 0.181535, 0.196133, 2.077735, 2.077746, -0.353000, 0.300000, 0.353000, 0.300000, 1.178097, 4.970000
161, -0.172822, 0.172821, 0.203043, 2.049949, 2.049937, -0.353000, 0.300000, 0.353000, 0.300000, 1.178097, 5.100000
162, -0.164408, 0.164407, 0.209785, 2.024174, 2.024163, -0.353000, 0.300000, 0.353000, 0.300000, 1.178097, 5.197000
163, -0.156380, 0.156379, 0.216282, 2.000494, 2.000485, -0.353000, 0.300000, 0.353000, 0.300000, 1.178097, 5.131000
164, -0.148813, 0.148814, 0.222460, 1.978936, 1.978946, -0.353000, 0.300000, 0.353000, 0.300000, 1.178097, 5.374000
165, -0.141803, 0.141804, 0.228231, 1.959604, 1.959613, -0.353000, 0.300000, 0.353000, 0.300000, 1.178097, 5.474000
166, -0.135426, 0.135427, 0.233522, 1.942513, 1.942522, -0.353000, 0.300000, 0.353000, 0.300000, 1.178097, 5.563000
167, -0.129762, 0.129761, 0.238254, 1.927725, 1.927715, -0.353000, 0.300000, 0.353000, 0.300000, 1.178097, 5.408000
168, -0.124870, 0.124869, 0.242364, 1.915220, 1.915211, -0.353000, 0.300000, 0.353000, 0.300000, 1.178097, 5.628000
169, -0.120818, 0.120817, 0.245785, 1.905049, 1.905040, -0.353000, 0.300000, 0.353000, 0.300000, 1.178097, 5.490000
170, -0.117655, 0.117655, 0.248465, 1.897215, 1.897223, -0.353000, 0.300000, 0.353000, 0.300000, 1.178097, 5.067000
171, -0.115438, 0.115439, 0.250350, 1.891790, 1.891799, -0.353000, 0.300000, 0.353000, 0.300000, 1.178097, 4.995000
172, -0.114198, 0.114198, 0.251406, 1.888788, 1.888780, -0.353000, 0.300000, 0.353000, 0.300000, 1.178097, 4.743000
173, -0.113945, 0.113946, 0.251621, 1.888165, 1.888174, -0.353000, 0.300000, 0.353000, 0.300000, 1.178097, 3.523000
174, -0.114709, 0.114708, 0.250971, 1.890026, 1.890018, -0.353000, 0.300000, 0.353000, 0.300000, 1.178097, 4.160000
175, -0.116466, 0.116466, 0.249475, 1.894299, 1.894307, -0.353000, 0.300000, 0.353000, 0.300000, 1.178097, 4.627000
176, -0.119225, 0.119224, 0.247134, 1.901097, 1.901089, -0.353000, 0.300000, 0.353000, 0.300000, 1.178097, 5.011000
177, -0.122942, 0.122941, 0.243990, 1.910360, 1.910352, -0.353000, 0.300000, 0.353000, 0.300000, 1.178097, 5.252000
178, -0.127583, 0.127582, 0.240082, 1.922124, 1.922116, -0.353000, 0.300000, 0.353000, 0.300000, 1.178097, 5.211000
179, -0.133099, 0.133098, 0.235464, 1.936401, 1.936392, -0.353000, 0.300000, 0.353000, 0.300000, 1.178097, 5.350000
180, -0.139429, 0.139428, 0.230197, 1.953198, 1.953189, -0.353000, 0.300000, 0.353000, 0.300000, 1.178097, 5.434000
181, -0.146507, 0.146506, 0.224354, 1.972521, 1.972511, -0.353000, 0.300000, 0.353000, 0.300000, 1.178097, 5.101000
182, -0.154249, 0.154250, 0.218015, 1.994343, 1.994352, -0.353000, 0.300000, 0.353000, 0.300000, 1.178097, 4.754000
183, -0.162587, 0.162588, 0.211253, 2.018714, 2.018724, -0.353000, 0.300000, 0.353000, 0.300000, 1.178097, 4.779000
184, -0.171427, 0.171428, 0.204156, 2.045593, 2.045605, -0.353000, 0.300000, 0.353000, 0.300000, 1.178097, 5.303000
185, -0.180682, 0.180681, 0.196806, 2.074978, 2.074967, -0.353000, 0.300000, 0.353000, 0.300000, 1.178097, 5.142000
186, -0.190254, 0.190252, 0.189292, 2.106785, 2.106772, -0.353000, 0.300000, 0.353000, 0.300000, 1.178097, 5.302000
187, -0.200052, 0.200053, 0.181690, 2.140972, 2.140985, -0.353000, 0.300000, 0.353000, 0.300000, 1.178097, 4.963000
188, -0.209999, 0.210001, 0.174071, 2.177542, 2.177556, -0.353000, 0.300000, 0.353000, 0.300000, 1.178097, 5.073000
189, -0.220008, 0.220006, 0.166505, 2.216414, 2.216400, -0.353000, 0.300000, 0.353000, 0.300000, 1.178097, 5.018000
190, -0.229986, 0.229984, 0.159059, 2.257428, 2.257411, -0.353000, 0.300000, 0.353000, 0.300000, 1.178097, 5.053000
191, -0.239862, 0.239861, 0.151787, 2.300504, 2.300492, -0.353000, 0.300000, 0.353000, 0.300000, 1.178097, 5.128000
192, -0.249568, 0.249570, 0.144736, 2.345501, 2.345521, -0.353000, 0.300000, 0.353000, 0.300000, 1.178097, 4.810000
193, -0.259045, 0.259046, 0.137943, 2.392309, 2.392323, -0.353000, 0.300000, 0.353000, 0.300000, 1.178097, 5.068000
194, -0.268234, 0.268232, 0.131443, 2.440724, 2.440700, -0.353000, 0.300000, 0.353000, 0.300000, 1.178097, 4.721000
195, -0.277081, 0.277080, 0.125264, 2.490485, 2.490470, -0.353000, 0.300000, 0.353000, 0.300000, 1.178097, 4.613000
196, -0.285549, 0.285552, 0.119422, 2.541385, 2.541415, -0.353000, 0.300000, 0.353000, 0.300000, 1.178097, 4.142000
197, -0.293611, 0.293612, 0.113927, 2.593225, 2.593239, -0.353000, 0.300000, 0.353000, 0.300000, 1.178097, 4.262000
198, -0.301235, 0.301231, 0.108787, 2.645680, 2.645641, -0.353000, 0.300000, 0.353000, 0.300000, 1.178097, 4.019000
199, -0.308398, 0.308397, 0.104007, 2.698387, 2.698377, -0.353000, 0.300000, 0.353000, 0.300000, 1.178097, 4.217000
200, -0.315092, 0.315095, 0.099581, 2.751061, 2.751102, -0.353000, 0.300000, 0.353000, 0.300000, 1.178097, 3.991000
201, -0.321314, 0.321313, 0.095504, 2.803402, 2.803400, -0.353000, 0.300000, 0.353000, 0.300000, 1.178097, 4.518000
202, -0.327055, 0.327053, 0.091768, 2.854962, 2.854940, -0.353000, 0.300000, 0.353000, 0.300000, 1.178097, 4.008000
203, -0.332316, 0.332325, 0.088363, 2.905323, 2.905419, -0.353000, 0.300000, 0.353000, 0.300000, 1.178097, 3.566000
204, -0.337124, 0.337120, 0.085275, 2.954326, 2.954273, -0.353000, 0.300000, 0.353000, 0.300000, 1.178097, 5.697000
205, -0.341469, 0.341460, 0.082493, 3.001347, 3.001241, -0.353000, 0.300000, 0.353000, 0.300000, 1.178097, 8.324000
206, -0.345370, 0.345355, 0.080003, 3.046079, 3.045884, -0.353000, 0.300000, 0.353000, 0.300000, 1.178097, 12.462000
207, -0.348847, 0.348815, 0.077791, 3.088184, 3.087772, -0.353000, 0.300000, 0.353000, 0.300000, 1.178097, 19.749000
208, -0.351952, 0.351821, 0.075846, 3.127774, 3.126044, -0.353000, 0.300000, 0.353000, 0.300000, 1.178097, 57.213000
209, -0.370112, 0.335896, 0.075134, 3.371370, 2.911932, -0.353000, 0.300000, 0.353000, 0.300000, 1.178097, 65.584000
210, -0.379850, 0.326155, 0.075135, 3.507035, 2.776225, -0.353000, 0.300000, 0.353000, 0.300000, 1.178097, 23.273000
211, -0.385794, 0.320210, 0.075135, 3.593268, 2.689979, -0.353000, 0.300000, 0.353000, 0.300000, 1.178097, 15.333000
212, -0.389918, 0.316085, 0.075135, 3.655243, 2.627997, -0.353000, 0.300000, 0.353000, 0.300000, 1.178097, 12.248000
213, -0.392860, 0.313144, 0.075135, 3.700789, 2.582447, -0.353000, 0.300000, 0.353000, 0.300000, 1.178097, 10.946000
214, -0.394920, 0.311083, 0.075135, 3.733476, 2.549758, -0.353000, 0.300000, 0.353000, 0.300000, 1.178097, 9.271000
215, -0.396263, 0.309739, 0.075135, 3.755184, 2.528048, -0.353000, 0.300000, 0.353000, 0.300000, 1.178097, 8.146000
216, -0.396982, 0.309021, 0.075135, 3.766934, 2.516297, -0.353000, 0.300000, 0.353000, 0.300000, 1.178097, 7.382000
217, -0.397121, 0.308882, 0.075135, 3.769217, 2.514015, -0.353000, 0.300000, 0.353000, 0.300000, 1.178097, 4.901000
218, -0.396696, 0.309301, 0.075138, 3.762218, 2.520920, -0.353000, 0.300000, 0.353000, 0.300000, 1.178097, 6.372000
219, -0.395666, 0.310331, 0.075138, 3.745466, 2.537672, -0.353000, 0.300000, 0.353000, 0.300000, 1.178097, 7.666000
220, -0.393971, 0.312025, 0.075138, 3.718317, 2.564818, -0.353000, 0.300000, 0.353000, 0.300000, 1.178097, 9.114000
221, -0.391488, 0.314508, 0.075138, 3.679377, 2.603756, -0.353000, 0.300000, 0.353000, 0.300000, 1.178097, 10.808000
222, -0.387995, 0.318001, 0.075138, 3.626066, 2.657062, -0.353000, 0.300000, 0.353000, 0.300000, 1.178097, 12.523000
223, -0.383062, 0.322933, 0.075138, 3.553209, 2.729909, -0.353000, 0.300000, 0.353000, 0.300000, 1.178097, 16.625000
224, -0.375645, 0.330348, 0.075139, 3.447730, 2.835367, -0.353000, 0.300000, 0.353000, 0.300000, 1.178097, 25.239000
225, -0.359799, 0.346179, 0.075144, 3.232191, 3.050700, -0.353000, 0.300000, 0.353000, 0.300000, 1.178097, 123.772000
226, -0.350390, 0.350337, 0.076816, 3.107605, 3.106914, -0.353000, 0.300000, 0.353000, 0.300000, 1.178097, 31.820000
227, -0.347056, 0.347077, 0.078915, 3.066202, 3.066471, -0.353000, 0.300000, 0.353000, 0.300000, 1.178097, 15.330000
228, -0.343319, 0.343331, 0.081303, 3.022242, 3.022382, -0.353000, 0.300000, 0.353000, 0.300000, 1.178097, 9.229000
229, -0.339112, 0.339118, 0.083996, 2.975486, 2.975561, -0.353000, 0.300000, 0.353000, 0.300000, 1.178097, 5.901000
230, -0.334417, 0.334415, 0.087013, 2.926370, 2.926347, -0.353000, 0.300000, 0.353000, 0.300000, 1.178097, 3.599000
231, -0.329209, 0.329210, 0.090373, 2.875200, 2.875210, -0.353000, 0.300000, 0.353000, 0.300000, 1.178097, 3.920000
232, -0.323476, 0.323477, 0.094093, 2.822429, 2.822436, -0.353000, 0.300000, 0.353000, 0.300000, 1.178097, 4.226000
233, -0.317209, 0.317205, 0.098191, 2.768495, 2.768456, -0.353000, 0.300000, 0.353000, 0.300000, 1.178097, 4.061000
234, -0.310389, 0.310390, 0.102687, 2.713691, 2.713701, -0.353000, 0.300000, 0.353000, 0.300000, 1.178097, 4.493000
235, -0.303015, 0.303019, 0.107593, 2.658435, 2.658476, -0.353000, 0.300000, 0.353000, 0.300000, 1.178097, 4.014000
236, -0.295093, 0.295092, 0.112923, 2.603154, 2.603138, -0.353000, 0.300000, 0.353000, 0.300000, 1.178097, 4.276000
237, -0.286625, 0.286622, 0.118687, 2.548116, 2.548086, -0.353000, 0.300000, 0.353000, 0.300000, 1.178097, 4.376000
238, -0.277617, 0.277618, 0.124892, 2.493597, 2.493616, -0.353000, 0.300000, 0.353000, 0.300000, 1.178097, 4.496000
239, -0.268098, 0.268101, 0.131537, 2.439969, 2.439992, -0.353000, 0.300000, 0.353000, 0.300000, 1.178097, 4.451000
240, -0.258104, 0.258102, 0.138614, 2.387534, 2.387515, -0.353000, 0.300000, 0.353000, 0.300000, 1.178097, 4.613000
241, -0.247665, 0.247663, 0.146112, 2.336467, 2.336449, -0.353000, 0.300000, 0.353000, 0.300000, 1.178097, 4.802000
242, -0.236823, 0.236825, 0.154014, 2.286962, 2.286980, -0.353000, 0.300000, 0.353000, 0.300000, 1.178097, 4.863000
243, -0.225652, 0.225651, 0.162280, 2.239317, 2.239306, -0.353000, 0.300000, 0.353000, 0.300000, 1.178097, 5.185000
244, -0.214211, 0.214209, 0.170876, 2.193641, 2.193627, -0.353000, 0.300000, 0.353000, 0.300000, 1.178097, 5.147000
245, -0.202573, 0.202574, 0.179751, 2.150058, 2.150071, -0.353000, 0.300000, 0.353000, 0.300000, 1.178097, 5.317000
246, -0.190830, 0.190832, 0.188841, 2.108739, 2.108751, -0.353000, 0.300000, 0.353000, 0.300000, 1.178097, 5.288000
247, -0.179085, 0.179084, 0.198069, 2.069815, 2.069803, -0.353000, 0.300000, 0.353000, 0.300000, 1.178097, 5.550000
248, -0.167430, 0.167429, 0.207356, 2.033315, 2.033305, -0.353000, 0.300000, 0.353000, 0.300000, 1.178097, 5.440000
249, -0.155971, 0.155972, 0.216614, 1.999300, 1.999310, -0.353000, 0.300000, 0.353000, 0.300000, 1.178097, 5.548000
250, -0.144842, 0.144841, 0.225725, 1.967922, 1.967911, -0.353000, 0.300000, 0.353000, 0.300000, 1.178097, 5.830000
